Unique ID,source_workbook,row_index,join_status,Cu,Zn,Latitude,Longitude
013M783158,OLD,1146,both,26.0,200.0,55.2523383,-63.5305999
013M783158,NEW,1147,both,24.49,172.4,55.25224,-63.53144
023I781075,OLD,2470,both,44.0,154.0,54.5582619,-65.3607683
023I781075,NEW,2471,both,48.59,179.3,54.55816,-65.36156
023J783197,OLD,3368,both,40.0,170.0,54.5854508,-66.8726529
023J783197,NEW,3369,both,42.13,172.7,54.58535,-66.87337
013L783024,OLD,171,both,12.0,184.0,54.7158335,-63.1781515
013L783024,NEW,172,both,11.98,190.3,54.71578,-63.17899
023I781071,OLD,2467,both,76.0,138.0,54.5752068,-65.2777727
023I781071,NEW,2468,both,83.23,156.7,54.57511,-65.27856
